{
  "runtimeCompatibilityVersion" : "9.8.0",
  "itemName" : "ManualTableExample",
  "itemWidth" : 1024,
  "itemHeight" : 768,
  "tasks" : [ "Task01" ],
  "resources" : [ {
    "pathInZip" : "resources\\graph.png",
    "size" : 136203,
    "type" : "image"
  } ],
  "externalResources" : [ ],
  "dependencies" : [ ],
  "variables" : [ {
    "name" : "V_NRows",
    "type" : "integer"
  }, {
    "name" : "V_NColumns",
    "type" : "integer"
  }, {
    "name" : "tmp",
    "type" : "integer"
  } ]
}